0 shopping marathon shopathon 0 shon shoathon
1 alternative whore alternawhore 1 alterhore altere
2 clown president clownsident 0 clownt closident
3 enlightenment culture enculturement 1 enlighture enlture
4 dialectical materialism diamat 0 dialism dialerialism
5 gob blob glob 0 goblob gobb
6 data broadcasting datacasting 0 dating datcasting
7 spare change spange 0 sspare sparge
8 space time spime 1 stime spatime
9 social entertainer socialtainer 0 sentertainer socertainer
10 desktop notebook desknote 1 deskebook desktebook
11 retard aardvark taardvark 1 retark retardvark
12 happy harmonius happymonius 1 happonius hharmonius
13 flexible vegetarian flexitarian 0 flegetarian flexetarian
14 laughter orgasm laughgasm 0 lasm laughtergasm
15 orgasm tron orgasmatron 1 ortron oron
16 masochistic sadist masosadist 1 massadist masadist
17 basketball baseball baseketball 0 ball baskeball
18 international police interpol 1 internationalice internatiolice
19 korpela maki kormak 0 korpelaki komaki
20 plum apricot pluot 0 pricot plumricot
21 constructed language conlang 1 construage clanguage
22 broccoli cauliflower broccoflower 1 brociflower brocauliflower
23 global english globish 1 globlish glish
24 puke extravaganza pukestravaganza 0 puextravaganza pukaganza
25 butt munch buttmunch 0 bunch butch
26 cosmetic collision cosmolission 0 cosmeticollision cosmision
27 beverage avalanche bevalanche 0 bavalanche beveranche
28 excited dimmer excimer 0 excitedimmer excimmer
29 elevator fucker elefucker 0 ucker elucker
30 prototype product protoduct 0 pproduct protuct
31 ballintine company ballico 0 balline ballany
32 information graphic infographic 0 inforaphic informaphic
33 platform publisher platisher 1 platfoblisher plisher
34 add anxiety addxiety 0 ety addiety
35 documentary drama docudrama 0 documentarama dama
36 neurologically typical neurotypical 1 neurological neurologicallypical
37 web magazine webzine 1 webazine wagazine
38 human robot hubot 0 hhuman humbot
39 describe develop deskellop 1 describelop describevelop
40 debra ian debian 0 debran debrian
41 emergent turd emergenturd 1 emurd emerd
42 man vacation mancation 0 mation manacation
43 polish english ponglish 0 penglish pollish
44 cyclohexane excellent cyclohexellent 1 cycellent cyclohexcellent
45 system operator sysop 0 soperator systemator
46 keg runoff kegoff 1 kenoff kunoff
47 personal zine perzine 0 persone persine
48 elizabeth barbossabeth barbossa 0 elizabarbossabeth elizabbeth
49 intelligent dating intellidating 0 ing intelligating
50 jew jpeg jewpeg 0 jeg jewg
51 tom katie tomkat 1 tomatie tie
52 montgomery county moco 1 mounty monty
53 cellulose diaphane cellophane 1 celliaphane celludiaphane
54 vegetable homicide vegicide 0 vegetabhomicide vegomicide
55 sophisticated ratchet sophistiratchet 0 sophisticatchet sotchet
56 online loneliness onlineness 1 oneliness onliness
57 academic bowl acabowl 0 academbowl acowl
58 peasant television peasantvision 1 peasevision pelevision
59 shank hippopotomas shankopotomas 0 shipotomas shankpotomas
60 sleepy slaphappy sleppy 0 slappy sleephappy
61 aggravated annoyed aggranoyed 1 aggravoyed aggrannoyed
62 shark tornado sharknado 1 shornado sharnado
63 internet meeting netmeet 1 interneting ing
64 mob incest mobcest 1 moncest mincest
65 coloane taipa cotai 1 coipa coa
66 finitely many finimany 1 finany finy
67 batman automobile batmobile 1 batmanobile bautomobile
68 bisexual curious bicurious 0 bisecurious biscurious
69 picture element pixel 0 pictelement picturement
70 london pakistan londonistan 0 llon lonistan
71 beautiful delicious beaulicious 1 beauticious beautifulicious
72 knowledge database knowledgebase 1 knowledgase knowledatabase
73 orgasm cyclotron orgasmatron 1 orcyclotron oron
74 europe armageddon eurogeddon 1 europedon eurmageddon
75 boy catastrophe boytastrophe 1 boystrophe batastrophe
76 winchester barkhamsted winsted 0 winchested winbarkhamsted
77 sparrow elizabeth sparrabeth 0 spelizabeth sparrizabeth
78 shirt sweater shweater 1 sheater shirter
79 geek elated geekelated 1 geeked gelated
80 scotch vodka scotchka 0 scodka scotka
81 sky peer skype 0 sker skyer
82 stagnation inflation stagflation 1 staglation station
83 ethyl alcohol ethanol 0 ethalcohol ethyhol
84 saints thanksgiving saintsgiving 1 sainting sanksgiving
85 recession bronchitis recessionitis 0 recessionchitis reconchitis
86 integrated electronics intel 1 integronics intelectronics
87 confusion monopoly confusopoly 0 conopoly confusionoly
88 stupendous fabulous stupendulous 0 stupendoulous stabulous
89 peach nectarine peacherine 1 peacharine pectarine
90 she male shemale 0 sheale shale
91 yesterday decade yesterdecade 1 yesterdade yestecade
92 bride anorexia bridorexia 1 brinorexia bria
93 flashlight flesh fleshlight 1 flash flashlesh
94 aviation gasoline avgas 1 aviasoline aviatioline
95 medical aid medicaid 1 medaid maid
96 ascii alphabetical asciibetical 0 ascal ascalphabetical
97 fiction bibliography fibliography 0 fictiography ficibliography
98 waitress actress wactress 0 waitractress waictress
99 heterosexual flexible heteroflexible 0 heterosexible hetexible
100 intoxicated text intexticated 0 intoxicatext intext
101 porn portfolio pornfolio 0 poportfolio pornolio
102 family clone famiclone 0 familone famillone
103 shock advertising shockvertising 0 shadvertising shockertising
104 mob democracy mobocracy 1 mobdemocracy mocracy
105 bud bartender budtender 1 burtender buder
106 spike angel spangel 0 sspike spigel
107 rendezvous booze rendezbooze 0 rendezvooze rendooze
108 lawl walrus lawlrus 1 lawrus lalrus
109 wimp pussy wuss 0 wimpussy wimpsy
110 american indian amerind 0 amerindian amerian
111 irrational right irrightional 1 irright iright
112 cockblock apocalypse cockblocalypse 0 cocalypse cockocalypse
113 teenage tween tweenage 1 teen ten
114 boob spectacular boobular 1 bootacular bectacular
115 cartoon tsunami toonami 0 cartoonami cartonami
116 yogurt popsicle yosicle 1 yogopsicle yopsicle
117 infinity millionaire infinitionaire 0 infinaire infilionaire
118 cybernetic psychology cyberpsychology 1 cyberology cychology
119 chalk typo chalko 0 chatypo cypo
120 serialize deserialize serdes 1 serrialize serialise
121 frankenstein fish frankenfish 0 frankensteish frish
122 pattern capacity patternicity 1 patacity pacity
123 geospatial enablement geoenable 1 geosablement geospablement
124 snow apocalypse snowpocalypse 0 snocalypse snopocalypse
125 jazz ballerina jazzerina 0 jallerina jazlerina
126 plastic agglomerate plastiglomerate 1 plasticate plomerate
127 skating hitching skitching 0 skatitching skatching
128 draco harry drarry 0 dry darry
129 shit snot shnot 0 shisnot shot
130 sneeze anticipated sneezetipated 0 snticipated snanticipated
131 awkward fest awkfeat 0 est awest
132 haggle tussle hassle 1 hussle hagle
133 swiss english swisslish 0 swish swinglish
134 phone tablet phablet 1 plet phontablet
135 snuggle coddle snoogle 1 snugdle snugle
136 balloon vehicle balloonicle 1 balicle bale
137 internet etiquette netiquette 1 internequette internetiquette
138 hazardous material hazmat 0 hazaterial haterial
139 marionette puppet muppet 1 marioppet marionepuppet
140 catastrophe cacaphony castrophony 0 catastrophony catacaphony
141 prostitute tot prostitot 1 prot prostot
142 cheese hamburger cheeseburger 0 cheeshamburger cheesburger
143 matt elliot mattel 1 mattelliot melliot
144 sports broadcast sportscast 1 sportcast sporoadcast
145 debate argument debargue 0 debargument debatement
146 pekingnese poodle pekapoo 0 podle pekoodle
147 laundry mat laundromat 0 lat launt
148 ny london nylon 1 nydon ndon
149 jackrabbit antelope jackalope 1 jackelope jackrantelope
150 prototype flight protoflight 0 plight pright
151 ecology imagination ecomagination 0 ecolonation ecologination
152 juggernaut snot juggersnot 0 juggernot juot
153 federal express fedex 0 federess fedexpress
154 smell elephant smellephant 0 smelephant smellphant
155 memory index memex 0 mex memorex
156 liquid oxygen lox 0 loxygen liquiden
157 gene chromosome genome 1 genosome ghromosome
158 multiple modal multimodal 1 multipledal modale
159 graph calculator graphilator 0 gralculator grapulator
160 digital monster digimon 0 digiter digonster
161 kleptocrat king kleptoking 1 klepting kking
162 camelot spam spamalot 0 camelam camm
163 agitation propaganda agitprop 1 agitanda agaganda
164 nano technology nanotech 0 nanology nanochnology
165 obama healthcare obamacare 1 obealthcare obamalthcare
166 compatibility quality compaq 0 compatity compatiality
167 vagina vegetarian vagitarian 1 vagetarian vaginarian
168 breath analyser breathalyser 0 brer breathser
169 stew soup stoup 0 ssoup steup
170 fourteen nights fortnight 0 fourteenights foughts
171 cyber psychedelic cyberdelic 0 cybedelic cyberelic
172 man recession mancession 0 mman manecession
173 city bank citibank 0 cank citybank
174 spectacular cooler spectacooler 0 specooler specoler
175 penis gallery penigallery 0 pery penallery
176 play software playware 1 ploftware plare
177 pasta possibility pastability 1 pastibility pasibility
178 view beautiful viewtiful 1 viewful vieautiful
179 shit wasted shwasted 0 shited shasted
180 city group citigroup 1 citroup cityup
181 half dialogue halfalogue 0 halogue hallogue
182 nerd nostaglia nerdstalgia 0 neostaglia nerstaglia
183 parachute trooper paratrooper 0 parachutrooper prooper
184 kinetic connect kinect 0 conect kinnect
185 after tomorrow affemorrow 1 aftemorrow aftomorrow
186 cyber hypochondriac cyberchondriac 1 cybiac cypochondriac
187 economist bureaucrat econocrat 0 ecrat economicrat
188 faux mohawk fauxhawk 1 faohawk fawk
189 warren keeney wakeeney 0 warreney wareney
190 scrumptious delicious scrumlicious 1 scrumpicious scrus
191 burn terminate burninate 1 burminate burnate
192 creepy paparazzi creeperazzi 1 creeparazzi creepaparazzi
193 abercrombie zombie aberzombie 1 abercombie abie
194 taximeter cabriolet taxicab 0 tabriolet taxibriolet
195 educational excellence edexcel 1 eduxcellence educationalence
196 emotion icon emoticon 1 emoton emon
197 alsace thompson alstom 0 alson alsompson
198 czech slovakia czechoslovakia 1 czovakia ch
199 internet aristocracy netocracy 0 internetocracy internetracy
200 sparkle vampire sparklepire 0 spire sparkpire
201 bourgeois ghetto boughetto 1 bouretto bourghetto
202 manhattan stonehenge manhattanhenge 0 manhenge manenge
203 godly awesome godsome 1 godlysome gawesome
204 faux mullet fauxllet 1 faullet famullet
205 american way amway 1 amerway ameriway
206 librarian boob liboobrian 1 loob liboob
207 norwegian injun weejun 1 norjun norweginjun
208 northern virginia nova 0 northerginia northernia
209 laptop desktop lapdesk 1 lasktop llaptop
210 indian atlantic indialantic 0 intic indiatlantic
211 jew jubilee jewbilee 0 jee jewilee
212 teen between tween 1 teeen ten
213 clown commander clownmander 1 clowander clownder
214 utilities cooridor utilidor 0 utidor utilitor
215 prostitute boots prostiboots 1 proots prostituts
216 lexion espionage lexpionage 0 lespionage lexionage
217 free software freeware 1 freftware freee
218 biological terrorism bioterrorism 1 biologicalism biologism
219 all theist alltheist 1 altheist alll
220 magnificent terrific magriffic 0 magnificenterrific magnific
221 show romance showmance 1 showance shomance
222 sleep marathon sleepathon 1 sleathon slep
223 gasoline alchohol gasohol 0 galchohol gahol
224 revolution songs revolusongs 1 revongs revolutiongs
225 professional nasty pronasty 1 professionalsty professionasty
226 fact haemorrhoid factoid 0 faemorrhoid factorrhoid
227 ass acne assne 1 assacne aacne
228 snuggle nuzzle snozzle 0 snuzzle snugzle
229 dumb confound dumbfound 1 dumbound dunfound
230 fascinate addict fascinaddict 1 fascinadict fasaddict
231 libertarian careless libercarelessian 0 libertareless liberless
232 mother manager momager 1 mothanager mager
233 sanskrit neologism sanskritism 1 sanskeologism saneologism
234 mechanical electronics mechatronics 0 mechanics mechronics
235 parachute troop paratroop 0 parachutroop partroop
236 illuminate answer illuminanswer 0 illuminswer illunswer
237 california train caltrain 0 califorain califrain
238 fresh sophomore freshomore 1 freshophomore fophomore
239 slant perpendicular slantendicular 1 slanticular slandicular
240 lacrosse prostitute lacrosstitute 0 lacrostitute lacrossitute
241 argument maximum argmax 1 argum argumaximum
242 scandalous raunchy scanchy 0 scaunchy scandaloushy
243 wiki academia wikidemia 1 wikademia wia
244 google doppelganger googleganger 1 googlanger googlganger
245 telephone marathon telethon 0 tarathon telephonathon
246 consumer hurricane consumicane 1 consumerricane consumericane
247 geography caching geocaching 0 geograching geographing
248 abstain kiss abstakiss 1 abstains abss
249 american anthrax amerithrax 0 americanthrax amerax
250 web log blog 1 webog wog
251 word obsessive wordsessive 0 wobsessive worsessive
252 hot awesome hotsome 0 hawesome hotesome
253 dance dyslexia dancelexia 1 dancexia dandyslexia
254 web camera webcam 0 wera weamera
255 outside patient outpatient 0 oupatient outsatient
256 group outfit groutfit 0 groupit groupfit
257 squirrel rat sqrat 1 squirrat squirat
258 abandoned software abandonware 0 abansoftware aboftware
259 biological chronicle bionicle 1 biolicle biologichronicle
260 aquatic equilibrium aqualibrium 1 aquatium aquilibrium
261 revenge suicide revengicide 1 revide revensuicide
262 scoop spatula scoopula 0 scoopatula scotula
263 sex secretary sexcretary 0 secsecretary sesecretary
264 thanksgiving hanukkah thanksgivukkah 1 thankkah thanukkah
265 alcohol bulimia alcoholimia 1 alcoholia alimia
266 margarita retarded margaritarded 1 margarded marded
267 glamour ritz glitz 1 gritz glamouritz
268 ear eyewitness earwitness 1 earitness eear
269 pop fantasy poptastic 0 pantasy pontasy
270 rolling index rolodex 0 rollindex rollingdex
271 naphthene palmitate napalm 1 naphthalmitate nate
272 big anorexia bigorexia 0 bia bignorexia
273 obama economics obamanomics 1 obanomics obamics
274 buddha universe buddhaverse 0 buniverse budniverse
275 texture element texel 1 texturement telement
276 jardanup deeside jardee 0 jardeeside jeside
277 frankenstein food frankenfood 0 fod franfood
278 boston washington boswash 0 boshington bostington
279 web society webciety 1 wociety wety
280 female dominance femdom 1 femominance feminance
281 owl omaha owlmaha 1 owaha owlaha
282 chair wardrobe chairdrobe 1 chairrobe chardrobe
283 walton mart walmart 1 walt wart
284 cinema maximum cinemax 1 cinaximum cinemaximum
285 chocolate taco chocotaco 0 chocolataco chaco
286 spa boutique spatique 1 spautique spoutique
287 ghost elevator ghostvator 1 ghovator gelevator
288 petroleum chemical petrochemical 1 petrolical pemical
289 adult adolescence adultolescence 0 adulescence adultence
290 dance circumsize dancersize 0 dancircumsize dancumsize
291 electronic available evailable 1 electronable elavailable
292 ambidextrous sex ambisextrous 1 ambsex ambidextrousex
293 reduction oxidation redox 1 reducidation redation
294 slam ham shlam 1 slaam slham
295 malicious software malware 0 maliciousoftware moftware
296 medical fraud medifraud 1 medraud medicaud
297 share software shareware 1 shoftware shareoftware
298 view browser viewser 1 viewbrowser vier
299 prototype hype protohype 0 protype prope
300 documentary fiction docufiction 0 doction documentation
301 coder decoder codec 0 codecoder codeer
302 professional consumer prosumer 1 profensumer professionsumer
303 admiration empathy admirampathy 0 admpathy admirathy
304 excited constipated excitipated 1 exconstipated econstipated
305 password confusion passfusion 0 passwonfusion passusion
306 foreman thirteen foreteen 0 foremateen forteen
307 radiation opaque radiopaque 1 radaque radopaque
308 meh mathematician mehthematician 0 matician meathematician
309 scream caterpillar screamapillar 0 scaterpillar screaterpillar
310 motorized bicycle motorcycle 0 motoricycle motocycle
311 transparency fare transfarency 1 transfare tre
312 facebook stalk falk 0 fastalk facebalk
313 absolutely positively absatively 0 absositively absolutively
314 cybernetics organism cyborg 1 cyberganism cybernism
315 kanwaka wakarusa kanwaka 0 kanwakarusa kanwakusa
316 talk cartoon talkartoon 0 talcartoon talkoon
317 parallax second parsec 1 paracond parallaxsecond
318 endogenous morphine endorphin 1 endorphine enorphine
319 distract retard distractard 1 distard distretard
320 malnutrition tuition maltuition 1 malnuition malnutuition
321 sea landscape seascape 0 scape seadscape
322 facebook facelift facebooklift 0 ft faceelift
323 course software courseware 1 coftware coursoftware
324 magnesium ferric mafic 1 magnerric magnesic
325 proactive responsive pronsponsive 0 presponsive prosponsive
326 newt momentum newtmentum 0 nentum newtum
327 calcium gone calgon 0 calciugone calone
328 shark octopus sharktopus 1 sharkopus shoctopus
329 procastination productivity procastivity 0 proctivity proproductivity
330 prom proposal promposal 1 promosal pproposal
331 cat mouse meowse 0 mmouse catmouse
332 deformed afflicted deflicted 0 dafflicted defflicted
333 maddening infuriating maddenating 1 maddeniating maddeninfuriating
334 subliminal tweet subtweet 0 twet subweet
335 accountable cunt accuntable 1 account accunt
336 robert kristen robsten 1 robristen roben
337 spokesperson blogger spokesblogger 1 spogger sper
338 slut president slutsident 0 slupresident slutident
339 sex accident sexcident 0 saccident secident
340 retard dumbass tardass 0 retardumbass rumbass
341 oblivious android oblividroid 0 obliviandroid obloid
342 analyst therapist analrapist 1 analypist aanalyst
343 cheap cappucciono cheappuccino 1 chappucciono cheappucciono
344 jagermeister bomb jagerbomb 1 jomb jabomb
345 google amazon googlezon 1 googazon googamazon
346 terra terrorist terrist 0 terorist terrarist
347 excuse squeeze exsqueeze 1 excueze excueeze
348 afghanistan pakistan afpak 0 afghanistanistan afghstan
349 fabulous sexual fabulosexual 0 fabulousexual faxual
350 alternative right altright 1 alterright alteright
351 kiss caress kissess 1 kress kicaress
352 script document scriptment 1 scripument scument
353 facebook hack facehack 0 fack faceback
354 phonetics lexicon phonicon 0 phoneticon phonexicon
355 light radar lidar 0 lradar lightar
356 liberal retard libtard 0 liberetard libertard
357 cuckold conservative cuckservative 0 cuconservative cunservative
358 provocative whore provacawhoritive 0 pre provore
359 fanatic kingdom fandom 0 fanatingdom fangdom
360 television broadcast telecast 1 televast televist
361 literature sewer literasewer 0 liture lewer
362 monte rey monterey 0 montey morey
363 dormitory incest dormcest 1 dormest dormincest
364 botulism toxin botox 0 boxin botoxin
365 slut sorority slurority 0 sluty slority
366 defensive diss dissfensive 1 defiss defensiss
367 alphabetic numeric alphanumeric 1 alphameric alphaberic
368 blog celebrity blogebitry 0 blebrity blobrity
369 documentary soap docusoap 0 ssoap doap
370 aforementioned texted aforetexted 0 aforemed afexted
371 cosmos organism cosmonism 0 cosmosm cosmoganism
372 methyl alcohol methanol 1 methyhol malcohol
373 quantum bit qubit 0 quantumbit quant
374 proteinaceous infectious prion 1 protectious proteinfectious
375 system administrator sysadmin 1 systemator systrator
376 pegasus unicorn pegacorn 1 pegasorn pegasunicorn
377 winning company winco 1 winnany winy
378 seattle tacoma seatac 1 seatoma seatacoma
379 communication broadcast comcast 0 communicast commundcast
380 midnight martini midnitini 1 mirtini midnightini
381 pellet resistor pellistor 1 pellestor pellesistor
382 commute comminicate commuticate 0 cominicate communicate
383 conservative democrats condem 1 conservocrats conservats
384 hiccup burp hiccurp 1 hurp hicup
385 awkward sauce awksauce 0 awkwarsauce awke
386 biography picture biopic 1 biographicture bicture
387 every time errtime 0 evere evime
388 penn engineer penngineer 1 pennineer pengineer
389 net convertible netvertible 0 netible nonvertible
390 brother science broscience 0 brothence brocience
391 knife fork knork 0 knifork knifk
392 alpha beta alphabet 1 alpeta aalpha
393 electronic mail email 0 elel electromail
394 masturbate wait masturwait 0 mate mait
395 spam blogger splogger 1 spogger spamblogger
396 chuckle snort chortle 0 chuort churt
397 ecology sabotage ecotage 1 ecobotage ecolotage
398 best worst blurst 1 berst borst
399 internal communication intercom 0 internication intercommunication
400 folks taxonomy folksonomy 1 folkonomy fonomy
401 man vagina mangina 0 mana magina
402 korean pop kpop 1 koop kop
403 food baby faby 1 foody fod
404 camera recorder camcorder 1 corder camerecorder
405 aurium lactate aurictate 0 alactate auractate
406 app obsessed appsessed 1 appessed obsesed
407 conglomerate coffee conglomocoffee 1 confee congloffee
408 doppelgangers bang doppelbangers 1 dopbang dopelgang
409 intelligent television intellivision 1 intelvision intelevision
410 fudge popsicle fudgsicle 0 fopsicle fudgepsicle
411 delaware rancocas delran 1 delawas delawarancocas
412 balloon fanatics balloonatics 1 ballonatics banatics
413 quasistellar star quasar 0 quasistar quastar
414 mexican nigger mexinigger 1 menigger mexicanigger
415 electronic magazine ezine 1 electrogazine electronine
416 fan magazine fanzine 0 fagazine fanagazine
417 magnetic doodle magnadoodle 0 magndoodle magnoodle
418 swoosh swastika swooshtika 0 sswastika swostika
419 russian english russlish 1 russinglish russianglish
420 rocknroll hillybilly rockabilly 1 rocknilly rollybilly
421 facebook rape frape 1 face fape
422 view humongous viewmongous 1 views vhumongous
423 later instagram latergram 0 latagram lategram
424 nerd hijacking nerdjacking 1 nerjacking nhing
425 news broadcast newscast 1 newbroadcast newst
426 kiss virginity kirginity 0 kinity kisity
427 maltese poodle maltipoo 1 moodle malpoodle
428 heterosexual normativity heteronormativity 0 hetivity hetermativity
429 female bro febro 0 fembro femo
430 british comedy britcom 0 bricomedy brimedy
431 weasley incest weasleycest 0 wincest wencest
432 blog diary blogairy 0 bdiary bloary
433 beer delicious beerlicious 0 belicious beericious
434 cacaphony cocoa cacaophony 1 cacoa cacocoa
435 teleprinter exchange telex 0 texchange telexchange
436 breakfast dinner brunner 0 brer brinner
437 cuddle relationship cuddleship 0 cuddlationship cuddllationship
438 man alimony manlimony 0 malimony manimony
439 former girlfriend forgirl 0 formerlfriend forlfriend
440 by cause because 1 byuse bause
441 absolutely ridiculous absoludicrous 1 absiculous absolus
442 waite rose waitrose 0 warose wrose
443 balanced unbalanced balun 1 balananced balalanced
444 situation comedy sitcom 0 situatiomedy sitomedy
445 arbor literati arberati 0 arborati arbiterati
446 chav fantastic chavtastic 1 chantastic chastic
447 man explaining mansplaining 0 maning manxplaining
448 police astronaut policenauts 1 poltronaut pastronaut
449 non apology nonpology 1 nonapology nology
450 eye violating eyeolating 1 eyolating iolating
451 ultraportable notebook ultrabook 0 ultebook ultrebook
452 squirrel kitten squitten 0 skitten squirten
453 drink marathon drinkathon 1 drinathon drathon
454 mutual exclusion mutex 1 mutuxclusion mutualusion
455 bachman eyes bachmeyes 0 beyes baces
456 boy conversation boycon 0 bonversation boyconversation
457 international network internet 0 inetwork internetwork
458 fucking retard fucktard 0 fucketard fuckard
459 blazed blasted blaysted 1 blazted bllasted
460 anticipation disappointment anticipointment 1 anticipationt antment
461 sarcasm catastrophe sarcastrophe 0 sarcatastrophe sarcatrophe
462 capsule communicator capcom 1 capcommunicator cator
463 mechanics electronics mechatronics 1 mechronics mectronics
464 screw souvenir screwvenir 1 screwir ssouvenir
465 prostitute dude prostadude 0 prostitude prude
466 retirement fire refirement 0 retirre retire
467 against say gainsay 1 agay againsay
468 robotic call robocall 1 rocall roboticall
469 ass osmosis assmosis 1 assosis asis
470 bohemian hungarian bohunk 0 bohemiangarian bohngarian
471 creepy people creople 1 creeple creepeople
472 bitch explosion bitchplosion 1 bitchlosion bexplosion
473 jew afro jewfro 1 jefro jo
474 guitar ukulele guitalele 0 gukulele guitele
475 ipod broadcast podcast 0 ipodcast ipoadcast
476 grindelwald dumbledore grindlelore 1 grindledore grindumbledore
477 nuclear electronic nucleonic 0 nuclectronic nucltronic
478 kinetic connection kinect 0 kinection kinnection
479 napthene palmitate napalm 1 napthalmitate napalmitate
480 argument minimum argmin 1 argum arguminimum
481 loop circular loopular 0 lar loopcular
482 hillary bot hillbot 1 hillart hot
483 britain exit brexit 1 brit britexit
484 procrastination masturbation procrasturbating 1 procurbation procrasturbation
485 biographical picture biopic 1 biographicure biographicture
486 return offshoring reshoring 0 roffshoring retoffshoring
487 email address edress 1 emaildress emaddress
488 television photogenic telegenic 0 televisiogenic teletogenic
489 electronic penis epeen 1 electronics electronis
490 digital evolve digivolve 0 devolve divolve
491 minimum maximum minimax 0 minimaximum miximum
492 hipster hypocritical hipstocratical 0 hipocritical hippocritical
493 permanent frost permafrost 0 perost permost
494 electric execute electrocute 0 elexecute electricute
495 biology electronic bionic 1 biologronic biolectronic
496 boxing records boxrec 1 becords bords
497 proteins genome proteome 1 pronome protenome
498 multitude dude multidude 1 mude multitudude
499 jew threesome jewsome 0 jesome jewesome
500 fur explode fursplode 1 furxplode fexplode
501 amazing awesome amazome 1 amazesome ame
502 canadian woodlands canwood 0 cands canadlands
503 mexico california mexifornia 1 mcalifornia mexicalifornia
504 malapropism portmanteau malamanteau 1 malapronteau manteau
505 fiction commercial fictomercial 0 ficommercial ficial
506 pekingese poodle pekeapoo 0 podle pekoodle
507 executive babble execubabble 0 ebabble exabble
508 croissant doughnut cronut 0 croissanut croughnut
509 google alzheimer googleheimer 1 goolzheimer googlzheimer
510 interior landscape inscape 1 interscape indscape
511 automatic tune autotune 1 autone automatune
512 academic trampoline acatramp 1 acadoline academpoline
513 dawn moment dohment 1 dawment dawnt
514 dormitory automobile dormobile 1 dormitobile dormitomobile
515 ridiculous donkey ridonkulous 1 ronkey ridonkey
516 situational comedy sitcom 0 situatiomedy sitomedy
517 month anniversary monthiversary 1 monthersary manniversary
518 cunt explaining cuntplaining 1 cuntlaining cexplaining
519 tired angry tangry 0 tiry tingry
520 arpa network arpanet 0 arpark arpetwork
521 jizz disney jizzney 0 jisney jizney
